{"V": 65, "D": 96, "H": 6, "F": 256, "T": 64, "L": 3, "params": 278465, "loss": 2.274637228150393, "steps": 8000, "time": 122.06939244270325, "chars": "\n !$&',-.3:;?ABCDEFGHIJKLMNOPQRSTUVWXYZabcdefghijklmnopqrstuvwxyz"}