{
  "randn_64": 0.023588799871504307,
  "zeros_64": 0.0023811999708414078,
  "ones_64": 0.0031025996431708336,
  "randn_256": 0.33981919940561056,
  "zeros_256": 0.007270400412380695,
  "ones_256": 0.007308000698685646,
  "randn_1024": 5.40601840056479,
  "zeros_1024": 0.07698939926922321,
  "ones_1024": 0.0717359995469451,
  "randn_2048": 21.538209999911487,
  "zeros_2048": 0.8246449995785952,
  "ones_2048": 0.8189743999391794,
  "add_1024": 0.1490264991298318,
  "mul_1024": 0.14738349942490458,
  "sub_1024": 0.14873799867928028,
  "div_1024": 0.14693749835714698,
  "exp_1024": 0.9456284996122122,
  "log_1024": 1.2498755007982254,
  "sin_1024": 1.4106975006870925,
  "cos_1024": 1.4473644993267953,
  "tanh_1024": 3.053888001013547,
  "sigmoid_1024": 1.2184214987792075,
  "relu_1024": 0.1053055003285408,
  "sqrt_1024": 0.5325505021028221,
  "abs_1024": 0.10529550025239587,
  "neg_1024": 0.10035049868747592,
  "sum_1024": 0.11945950100198388,
  "mean_1024": 0.13701249845325947,
  "max_1024": 0.09073700057342649,
  "min_1024": 0.08871149970218539,
  "var_1024": 0.9464915003627539,
  "std_1024": 0.9494365006685257,
  "argmax_1024": 4.635306000709534,
  "sum_dim0_1024": 0.1467570010572672,
  "mean_dim1_1024": 0.16820400021970272,
  "mm_256": 0.39220300037413836,
  "mm_512": 2.926484984345734,
  "mm_1024": 24.159520026296377,
  "mm_2048": 197.3805332866808,
  "mv_512x256": 0.012812799774110317,
  "bmm_8x256": 3.03120999597013,
  "dot_10k": 0.0032684998586773872,
  "autograd_linear_fwd_bwd": 0.7827039994299412,
  "nn_linear_fwd": 0.21979749901220202,
  "nn_conv2d_fwd": 0.3850740008056164,
  "nn_batchnorm1d_fwd": 0.04846750060096383,
  "nn_lstm_fwd": 0.6978249968960881,
  "optim_adam_step": 0.9688830003142357,
  "optim_sgd_step": 0.6075350008904934,
  "train_100batch_total_ms": 425.0544998794794,
  "train_per_batch_ms": 4.250544998794794
}