{
  "randn_64": 0.047103200005949475,
  "zeros_64": 0.003543599996191915,
  "ones_64": 0.004716600000392646,
  "randn_256": 0.678213399995002,
  "zeros_256": 0.03495779999502702,
  "ones_256": 0.011082599994551856,
  "randn_1024": 8.825081800001499,
  "zeros_1024": 0.09046200000011595,
  "ones_1024": 0.0987911999982316,
  "randn_2048": 32.82881179999822,
  "zeros_2048": 0.7967485999979544,
  "ones_2048": 0.8415562000009231,
  "add_1024": 0.19011799999134382,
  "mul_1024": 0.17149350000181585,
  "sub_1024": 0.16961400000582216,
  "div_1024": 0.15895500000624452,
  "exp_1024": 1.658351499991113,
  "log_1024": 1.978829500003485,
  "sin_1024": 2.9690634999860777,
  "cos_1024": 2.382476000002498,
  "tanh_1024": 4.529342999994697,
  "sigmoid_1024": 2.080862500006333,
  "relu_1024": 0.1326245000018389,
  "sqrt_1024": 0.6381910000163771,
  "abs_1024": 0.11173999999300577,
  "neg_1024": 0.11866700000609853,
  "sum_1024": 0.13854349999746773,
  "mean_1024": 0.14057800000955467,
  "max_1024": 0.0898235000022396,
  "min_1024": 0.09085249999770895,
  "var_1024": 0.9716769999977259,
  "std_1024": 0.9547564999957103,
  "argmax_1024": 4.218963500006794,
  "sum_dim0_1024": 0.15562250000584754,
  "mean_dim1_1024": 0.1711780000005092,
  "mm_256": 0.3891060000023572,
  "mm_512": 3.1550649999189773,
  "mm_1024": 32.625779999943916,
  "mm_2048": 275.48460000010283,
  "mv_512x256": 0.02230960000451887,
  "bmm_8x256": 4.20646000020497,
  "dot_10k": 0.005396799999289215,
  "autograd_linear_fwd_bwd": 1.074672999966424,
  "nn_linear_fwd": 0.3112264999981562,
  "nn_conv2d_fwd": 0.6013049999819486,
  "nn_batchnorm1d_fwd": 0.06904699999722652,
  "nn_lstm_fwd": 1.1468980000063311,
  "optim_adam_step": 1.42755799999577,
  "optim_sgd_step": 0.8923389999836218,
  "train_100batch_total_ms": 638.2386000004772,
  "train_per_batch_ms": 6.382386000004772
}